task_id,measurer,x_pos,y_pos,t_start,t_end,t_corr,t_img,u_max,u_exp,u
77d821e6,AGENT_1,3.0,0.0,0.0,8.25,1.0,3.0,30,2.249682627997368,2.249682627997368
77d81fac,AGENT_0,0.0,3.0,0.0,8.25,1.0,3.0,30,2.249682627997368,2.249682627997368
77d812a0,AGENT_1,3.0,3.0,0.0,8.25,1.0,6.0,100,0.2811706625951746,0.2811706625951746
77d812a0,AGENT_0,3.0,3.0,0.0,8.25,1.0,6.0,100,0.2811706625951746,0.2811706625951746
