task_id,measurer,x_pos,y_pos,t_start,t_end,t_corr,t_img,u_max,u_exp,u
b9477cda,AGENT_0,0.0,2.0,0.0,5.25,0.0,2.0,100.0,6.309573444801932,6.309573444801932
b9479d28,AGENT_1,1.0,2.0,0.0,5.25,0.0,2.0,100.0,2.1031911482673102,2.1031911482673102
b9479d28,AGENT_1,1.0,2.0,0.0,5.25,0.0,2.0,100.0,2.1031911482673102,2.1031911482673102
