task_id,measurer,x_pos,y_pos,t_start,t_end,t_corr,t_img,u_max,u_exp,u
38e4d17e,AGENT_1,3.0,0.0,0.0,8.25,1.0,3.0,30,2.249682627997368,2.249682627997368
38e4cf12,AGENT_0,0.0,3.0,0.0,8.25,1.0,3.0,30,2.249682627997368,2.249682627997368
38e4c1d4,AGENT_1,3.0,3.0,0.0,8.25,1.0,6.0,100,0.2811706625951746,0.2811706625951746
38e4c1d4,AGENT_0,3.0,3.0,0.0,8.25,1.0,6.0,100,0.2811706625951746,0.2811706625951746
