task_id,measurer,x_pos,y_pos,t_start,t_end,t_corr,t_img,u_max,u_exp,u
1865e280,AGENT_1,1.2737472531016976,3.3633252319023854,0.0,20.25,0.0,3.5,1.0,0.28875787227014443,0.29853826189179594
1865d34e,AGENT_0,3.6375198951584236,1.2873001356296165,0.0,20.25,0.0,4.0,1.0,0.2637618435505253,0.251188643150958
1865ca16,AGENT_1,3.5823686883468495,3.756082117224031,0.0,20.25,0.0,6.0,1.0,0.12860711525122184,0.12589254117941667
1865db0a,AGENT_1,4.422602170705392,3.675980751151087,0.0,20.25,0.0,7.0,1.0,0.041134356999066826,0.04456254690668727
