plan_index,task_id,subtask_index,t_img,u_exp
0,1865d34e,0,3.8585868691614778,0.2637618435505253
0,1865cf20,0,6.7285797242190855,0.09788430044310147
0,1865db0a,3,7.231768609416054,0.041134356999066826
