plan_index,task_id,subtask_index,t_img,u_exp
0,77d81fac,0,3.0,2.249682627997368
0,77d812a0,3,6.0,0.2811706625951746
