plan_index,task_id,subtask_index,t_img,u_exp
0,1865e280,0,3.5964411131471836,0.28875787227014443
0,1865ca16,0,5.938233354623986,0.12860711525122184
0,1865db0a,2,7.231768609416054,0.041134356999066826
