plan_index,task_id,subtask_index,t_img,u_exp
0,38e4d17e,0,3.0,2.249682627997368
0,38e4c1d4,2,6.0,0.2811706625951746
